﻿{"cameraMode":{"drawMode":0,"name":"Shaded","section":"Shading Mode"},"sceneLighting":true,"audioPlay":false,"sceneViewState":{"showFog":true,"showMaterialUpdate":false,"showSkybox":true,"showFlares":true,"showImageEffects":true,"showParticleSystems":true},"in2DMode":false,"pivot":{"x":39.520263671875,"y":93.39664459228516,"z":17.913021087646486},"rotation":{"x":-0.2318682223558426,"y":0.7364901304244995,"z":-0.3068992495536804,"w":-0.5564916729927063},"size":42.66104507446289,"orthographic":false}